sk_time,sk_geografia,sk_regime,numero_afiliados,sk_affiliate
1,1,1,2194,1
1,1,2,15,2
1,1,3,233,3
1,2,1,10683,4
1,2,2,103,5
1,2,3,1064,6
1,3,1,4727,7
1,3,2,63,8
1,3,3,761,9
1,4,1,5249,10
1,4,2,131,11
1,4,3,405,12
1,5,1,4595,13
1,5,2,70,14
1,5,3,349,15
1,6,1,33275,16
1,6,2,275,17
1,6,3,839,18
1,7,1,5650,19
1,7,2,260,20
1,7,3,2506,21
1,8,1,16767,22
1,8,2,348,23
1,8,3,1305,24
1,9,1,26339,25
1,9,2,881,26
1,9,3,16777,27
1,10,1,8483,28
1,10,2,144,29
1,10,3,1176,30
1,11,1,8473,31
1,11,2,114,32
1,11,3,449,33
1,12,1,4047,34
1,12,2,39,35
1,12,3,2125,36
1,13,1,17026,37
1,13,2,301,38
1,13,3,1495,39
1,14,1,5306,40
1,14,2,48,41
1,14,3,1376,42
1,15,1,5972,43
1,15,2,60,44
1,15,3,366,45
1,16,1,24933,46
1,16,2,144,47
1,16,3,3225,48
1,17,1,2481,49
1,17,2,29,50
1,17,3,733,51
1,18,1,11177,52
1,18,2,277,53
1,18,3,2739,54
1,19,1,41934,55
1,19,2,498,56
1,19,3,2139,57
1,20,1,2384,58
1,20,2,24,59
1,20,3,259,60
1,21,1,3329,61
1,21,2,87,62
1,21,3,272,63
1,22,1,21432,64
1,22,2,420,65
1,22,3,6174,66
1,23,1,8156,67
1,23,2,188,68
1,23,3,5174,69
1,24,1,5840,70
1,24,2,3,71
1,24,3,316,72
1,25,1,16005,73
1,25,2,504,74
1,25,3,2252,75
1,26,1,17615,76
1,26,2,401,77
1,26,3,2476,78
1,27,1,5297,79
1,27,2,35,80
1,27,3,579,81
1,28,1,85912,82
1,28,2,2165,83
1,28,3,38090,84
1,29,1,4007,85
1,29,2,124,86
1,29,3,274,87
1,30,1,26,88
1,30,2,3,89
1,30,3,4,90
1,31,1,10844,91
1,31,2,145,92
1,31,3,3660,93
1,32,1,4977,94
1,32,2,202,95
1,32,3,343,96
1,33,1,2858,97
1,33,2,83,98
1,33,3,5957,99
1,34,1,44811,100
1,34,2,1245,101
1,34,3,9299,102
1,35,1,4355,103
1,35,2,100,104
1,35,3,1007,105
1,36,1,7289,106
1,36,2,99,107
1,36,3,307,108
1,37,1,3590,109
1,37,2,27,110
1,37,3,261,111
1,38,1,38138,112
1,38,2,781,113
1,38,3,4585,114
1,39,1,9113,115
1,39,2,161,116
1,39,3,443,117
1,40,1,15797,118
1,40,2,87,119
1,40,3,1090,120
1,41,1,2128,121
1,41,2,22,122
1,41,3,269,123
1,42,1,2769,124
1,42,2,51,125
1,42,3,911,126
1,43,1,6553,127
1,43,2,36,128
1,43,3,555,129
1,44,1,4033,130
1,44,2,10,131
1,44,3,850,132
1,45,1,15899,133
1,45,2,947,134
1,45,3,1660,135
1,46,1,7034,136
1,46,2,137,137
1,46,3,1121,138
1,47,1,7042,139
1,47,2,62,140
1,47,3,3897,141
1,48,1,3484,142
1,48,2,65,143
1,48,3,1615,144
1,49,1,33541,145
1,49,2,722,146
1,49,3,21841,147
1,50,1,4276,148
1,50,2,105,149
1,50,3,8775,150
1,51,1,10513,151
1,51,2,148,152
1,51,3,1592,153
1,52,1,68166,154
1,52,2,1297,155
1,52,3,8705,156
1,53,1,6906,157
1,53,2,17,158
1,53,3,285,159
1,54,1,68199,160
1,54,2,2156,161
1,54,3,29307,162
1,55,1,9616,163
1,55,2,143,164
1,55,3,552,165
1,56,1,17187,166
1,56,2,523,167
1,56,3,2689,168
1,57,1,9970,169
1,57,2,179,170
1,57,3,247,171
1,58,1,27888,172
1,58,2,707,173
1,58,3,10113,174
1,59,1,30225,175
1,59,2,667,176
1,59,3,8591,177
1,60,1,28442,178
1,60,2,557,179
1,60,3,2302,180
1,61,1,79820,181
1,61,2,1271,182
1,61,3,124502,183
1,62,1,20412,184
1,62,2,506,185
1,62,3,573,186
1,63,1,14558,187
1,63,2,187,188
1,63,3,1363,189
1,64,1,8757,190
1,64,2,241,191
1,64,3,2344,192
1,65,1,25140,193
1,65,2,497,194
1,65,3,3248,195
1,66,1,21726,196
1,66,2,703,197
1,66,3,20015,198
1,67,1,16650,199
1,67,2,617,200
1,67,3,21905,201
1,68,1,1975,202
1,68,2,79,203
1,68,3,564,204
1,69,1,16483,205
1,69,2,724,206
1,69,3,10892,207
1,70,1,30076,208
1,70,2,758,209
1,70,3,2958,210
1,71,1,15256,211
1,71,2,503,212
1,71,3,15089,213
1,72,1,1657,214
1,72,2,61,215
1,72,3,245,216
1,73,1,19445,217
1,73,2,413,218
1,73,3,3751,219
1,74,1,3851,220
1,74,2,66,221
1,74,3,1808,222
1,75,1,7768,223
1,75,2,192,224
1,75,3,293,225
1,76,1,19530,226
1,76,2,91,227
1,76,3,1106,228
1,77,1,14778,229
1,77,2,79,230
1,77,3,1395,231
1,78,1,4817,232
1,78,2,49,233
1,78,3,291,234
1,79,1,6384,235
1,79,2,155,236
1,79,3,1757,237
1,80,1,12759,238
1,80,2,360,239
1,80,3,2854,240
1,81,1,6347,241
1,81,2,55,242
1,81,3,1103,243
1,82,1,8285,244
1,82,2,50,245
1,82,3,862,246
1,83,1,2635,247
1,83,2,74,248
1,83,3,348,249
1,84,1,5065,250
1,84,2,47,251
1,84,3,1672,252
1,85,1,9761,253
1,85,2,219,254
1,85,3,2153,255
1,86,1,52208,256
1,86,2,1754,257
1,86,3,7353,258
1,87,1,6212,259
1,87,2,159,260
1,87,3,950,261
1,88,1,3334,262
1,88,2,62,263
1,88,3,7074,264
1,89,1,5317,265
1,89,2,119,266
1,89,3,1197,267
1,90,1,3187,268
1,90,2,101,269
1,90,3,460,270
1,91,1,6310,271
1,91,2,146,272
1,91,3,444,273
1,92,1,8099,274
1,92,2,465,275
1,92,3,6446,276
1,93,1,28360,277
1,93,2,827,278
1,93,3,9325,279
1,94,1,13872,280
1,94,2,294,281
1,94,3,1315,282
1,95,1,5808,283
1,95,2,164,284
1,95,3,1107,285
1,96,1,4912,286
1,96,2,120,287
1,96,3,4036,288
1,97,1,9122,289
1,97,2,297,290
1,97,3,4528,291
1,98,1,29638,292
1,98,2,726,293
1,98,3,1652,294
1,99,1,1662,295
1,99,2,29,296
1,99,3,223,297
1,100,1,3389,298
1,100,2,120,299
1,100,3,3833,300
1,101,1,17739,301
1,101,2,1244,302
1,101,3,12506,303
1,102,1,1572561,304
1,102,2,136873,305
1,102,3,6410877,306
1,103,1,18296,307
1,103,2,631,308
1,103,3,3218,309
1,104,1,5903,310
1,104,2,139,311
1,104,3,649,312
1,105,1,4120,313
1,105,2,92,314
1,105,3,309,315
1,106,1,7280,316
1,106,2,126,317
1,106,3,552,318
1,107,1,13632,319
1,107,2,92,320
1,107,3,2929,321
1,108,1,2589,322
1,108,2,76,323
1,108,3,1219,324
1,109,1,7985,325
1,109,2,23,326
1,109,3,706,327
1,110,1,26465,328
1,110,2,574,329
1,110,3,3526,330
1,111,1,7458,331
1,111,2,10,332
1,111,3,541,333
1,112,1,69602,334
1,112,2,2441,335
1,112,3,38840,336
1,113,1,18372,337
1,113,2,597,338
1,113,3,3859,339
1,114,1,1231,340
1,114,2,25,341
1,114,3,152,342
1,115,1,3522,343
1,115,2,200,344
1,115,3,4527,345
1,116,1,7075,346
1,116,2,193,347
1,116,3,1342,348
1,117,1,2027,349
1,117,2,10,350
1,117,3,159,351
1,118,1,5283,352
1,118,2,147,353
1,118,3,538,354
1,119,1,20396,355
1,119,2,236,356
1,119,3,719,357
1,120,1,8375,358
1,120,2,163,359
1,120,3,666,360
1,121,1,17800,361
1,121,2,93,362
1,121,3,790,363
1,122,1,10364,364
1,122,2,110,365
1,122,3,10719,366
1,123,1,4174,367
1,123,2,161,368
1,123,3,590,369
1,124,1,24036,370
1,124,2,425,371
1,124,3,2113,372
1,125,1,10184,373
1,125,2,222,374
1,125,3,3565,375
1,126,1,25878,376
1,126,2,258,377
1,126,3,10665,378
1,127,1,1285,379
1,127,2,20,380
1,127,3,189,381
1,128,1,3106,382
1,128,2,7,383
1,128,3,1005,384
1,129,1,3208,385
1,129,2,52,386
1,129,3,107,387
1,130,1,20761,388
1,130,2,504,389
1,130,3,3234,390
1,131,1,18459,391
1,131,2,436,392
1,131,3,9585,393
1,132,1,16147,394
1,132,2,262,395
1,132,3,931,396
1,133,1,5065,397
1,133,2,55,398
1,133,3,1555,399
1,134,1,4916,400
1,134,2,40,401
1,134,3,1526,402
1,135,1,3507,403
1,135,2,130,404
1,135,3,10510,405
1,136,1,1343,406
1,136,2,4,407
1,136,3,179,408
1,137,1,15639,409
1,137,2,101,410
1,137,3,1213,411
1,138,1,22812,412
1,138,2,395,413
1,138,3,1658,414
1,139,1,8063,415
1,139,2,180,416
1,139,3,790,417
1,140,1,622610,418
1,140,2,24149,419
1,140,3,572277,420
1,141,1,2974,421
1,141,2,66,422
1,141,3,391,423
1,141,4,81,424
1,142,1,35223,425
1,142,2,1033,426
1,142,3,13114,427
1,143,1,4850,428
1,143,2,165,429
1,143,3,378,430
1,144,1,7006,431
1,144,2,256,432
1,144,3,5022,433
1,145,1,12540,434
1,145,2,69,435
1,145,3,773,436
1,146,1,18122,437
1,146,2,544,438
1,146,3,813,439
1,147,1,3876,440
1,147,2,36,441
1,147,3,766,442
1,148,1,6967,443
1,148,2,57,444
1,148,3,525,445
1,149,1,9135,446
1,149,2,72,447
1,149,3,771,448
1,150,1,11833,449
1,150,2,302,450
1,150,3,1435,451
1,151,1,8030,452
1,151,2,131,453
1,151,3,281,454
1,152,1,8497,455
1,152,2,101,456
1,152,3,2666,457
1,153,1,10402,458
1,153,2,251,459
1,153,3,1110,460
1,154,1,9603,461
1,154,2,7,462
1,154,3,431,463
1,155,1,10743,464
1,155,2,250,465
1,155,3,1597,466
1,156,1,3738,467
1,156,2,178,468
1,156,3,12956,469
1,157,1,3180,470
1,157,2,65,471
1,157,3,427,472
1,158,1,93022,473
1,158,2,3697,474
1,158,3,18895,475
1,159,1,3987,476
1,159,2,79,477
1,159,3,1092,478
1,160,1,9499,479
1,160,2,145,480
1,160,3,416,481
1,161,1,21524,482
1,161,2,1126,483
1,161,3,13233,484
1,162,1,48848,485
1,162,2,932,486
1,162,3,6516,487
1,163,1,6538,488
1,163,2,336,489
1,163,3,758,490
1,164,1,37578,491
1,164,2,1231,492
1,164,3,2724,493
1,165,1,16859,494
1,165,2,49,495
1,165,3,2762,496
1,166,1,23163,497
1,166,2,469,498
1,166,3,1532,499
1,167,1,12109,500
1,167,2,701,501
1,167,3,20169,502
1,168,1,6162,503
1,168,2,136,504
1,168,3,948,505
1,169,1,2350,506
1,169,2,45,507
1,169,3,257,508
1,170,1,220099,509
1,170,2,22351,510
1,170,3,527225,511
1,171,1,3211,512
1,171,2,100,513
1,171,3,785,514
1,172,1,12936,515
1,172,2,139,516
1,172,3,649,517
1,173,1,24301,518
1,173,2,730,519
1,173,3,5762,520
1,174,1,20395,521
1,174,2,572,522
1,174,3,12091,523
1,175,1,8856,524
1,175,2,64,525
1,175,3,390,526
1,176,1,1163,527
1,176,2,39,528
1,176,3,284,529
1,177,1,3699,530
1,177,2,29,531
1,177,3,674,532
1,178,1,1773,533
1,178,2,17,534
1,178,3,169,535
1,179,1,2442,536
1,179,2,16,537
1,179,3,497,538
1,180,1,5808,539
1,180,2,50,540
1,180,3,591,541
1,181,1,8971,542
1,181,2,256,543
1,181,3,839,544
1,182,1,11119,545
1,182,2,246,546
1,182,3,10372,547
1,183,1,9472,548
1,183,2,132,549
1,183,3,268,550
1,184,1,9233,551
1,184,2,153,552
1,184,3,794,553
1,185,1,2732,554
1,185,2,89,555
1,185,3,709,556
1,186,1,2536,557
1,186,2,35,558
1,186,3,217,559
1,187,1,2162,560
1,187,2,39,561
1,187,3,403,562
1,188,1,170,563
1,189,1,6638,564
1,189,2,62,565
1,189,3,290,566
1,190,1,16020,567
1,190,2,56,568
1,190,3,2182,569
1,191,1,24401,570
1,191,2,323,571
1,191,3,25564,572
1,192,1,6914,573
1,192,2,20,574
1,192,3,627,575
1,193,1,58272,576
1,193,2,1551,577
1,193,3,19651,578
1,194,1,11600,579
1,194,2,137,580
1,194,3,2568,581
1,195,1,3850,582
1,195,2,86,583
1,195,3,330,584
1,196,1,3366,585
1,196,2,54,586
1,196,3,1348,587
1,197,1,4605,588
1,197,2,77,589
1,197,3,1604,590
1,198,1,4312,591
1,198,2,70,592
1,198,3,109,593
1,199,1,14940,594
1,199,2,97,595
1,199,3,1306,596
1,200,1,8322,597
1,200,2,55,598
1,200,3,239,599
1,201,1,1707,600
1,201,2,64,601
1,201,3,366,602
1,202,1,10830,603
1,202,2,218,604
1,202,3,2707,605
1,203,1,16736,606
1,203,2,328,607
1,203,3,3843,608
1,204,1,37759,609
1,204,2,872,610
1,204,3,4016,611
1,205,1,5086,612
1,205,2,100,613
1,205,3,475,614
1,206,1,2646,615
1,206,2,23,616
1,206,3,248,617
1,207,1,2287,618
1,207,2,35,619
1,207,3,307,620
1,208,1,2392,621
1,208,2,62,622
1,208,3,420,623
1,209,1,22195,624
1,209,2,364,625
1,209,3,1827,626
1,210,1,18424,627
1,210,2,153,628
1,210,3,7124,629
1,211,1,58401,630
1,211,2,1497,631
1,211,3,23499,632
1,212,1,155106,633
1,212,2,14168,634
1,212,3,154660,635
1,213,1,29841,636
1,213,2,321,637
1,213,3,1650,638
1,214,1,17608,639
1,214,2,667,640
1,214,3,14514,641
1,215,1,326848,642
1,215,2,11580,643
1,215,3,205184,644
1,216,1,65928,645
1,216,2,2004,646
1,216,3,26129,647
1,217,1,10337,648
1,217,2,269,649
1,217,3,2453,650
1,218,1,12266,651
1,218,2,406,652
1,218,3,1771,653
1,219,1,19473,654
1,219,2,452,655
1,219,3,26465,656
1,220,1,2640,657
1,220,2,46,658
1,220,3,243,659
1,221,1,1781,660
1,221,2,21,661
1,221,3,530,662
1,222,1,15137,663
1,222,2,341,664
1,222,3,885,665
1,223,1,11410,666
1,223,2,260,667
1,223,3,2625,668
1,224,1,11176,669
1,224,2,280,670
1,224,3,375,671
1,225,1,4441,672
1,225,2,106,673
1,225,3,719,674
1,226,1,32846,675
1,226,2,218,676
1,226,3,1482,677
1,227,1,28887,678
1,227,2,901,679
1,227,3,1988,680
1,228,1,6980,681
1,228,2,177,682
1,228,3,477,683
1,229,1,2962,684
1,229,2,99,685
1,229,3,2082,686
1,230,1,20890,687
1,230,2,379,688
1,230,3,8488,689
1,231,1,8134,690
1,231,2,105,691
1,231,3,3252,692
1,232,1,23437,693
1,232,2,287,694
1,232,3,3464,695
1,233,1,2179,696
1,233,2,33,697
1,233,3,265,698
1,234,1,3001,699
1,234,2,78,700
1,234,3,868,701
1,235,1,11389,702
1,235,2,595,703
1,235,3,2132,704
1,236,1,18948,705
1,236,2,577,706
1,236,3,1560,707
1,237,1,6003,708
1,237,2,52,709
1,237,3,353,710
1,238,1,1996,711
1,238,2,21,712
1,238,3,241,713
1,239,1,19511,714
1,239,2,118,715
1,239,3,1560,716
1,240,1,3751,717
1,240,2,138,718
1,240,3,494,719
1,241,1,20246,720
1,241,2,404,721
1,241,3,3065,722
1,242,1,21821,723
1,242,2,563,724
1,242,3,1006,725
1,243,1,18026,726
1,243,2,471,727
1,243,3,1302,728
1,244,1,1,729
1,244,3,8,730
1,245,1,5474,731
1,245,2,88,732
1,245,3,1459,733
1,246,1,10570,734
1,246,2,91,735
1,246,3,2707,736
1,247,1,1093,737
1,247,2,1,738
1,247,3,7,739
1,248,1,3465,740
1,248,2,93,741
1,248,3,506,742
1,249,1,18137,743
1,249,2,492,744
1,249,3,7044,745
1,250,1,11245,746
1,250,2,88,747
1,250,3,532,748
1,251,1,27681,749
1,251,2,772,750
1,251,3,3459,751
1,252,1,7295,752
1,252,2,192,753
1,252,3,2940,754
1,253,1,5384,755
1,253,2,564,756
1,253,3,3198,757
1,254,1,2045,758
1,254,2,48,759
1,254,3,271,760
1,255,1,16450,761
1,255,2,960,762
1,255,3,14136,763
1,256,1,1771,764
1,256,2,22,765
1,256,3,184,766
1,257,1,4138,767
1,257,2,83,768
1,257,3,646,769
1,258,1,235812,770
1,258,2,14004,771
1,258,3,181655,772
1,259,1,13418,773
1,259,2,412,774
1,259,3,3778,775
1,260,1,11818,776
1,260,2,301,777
1,260,3,5860,778
1,261,1,29171,779
1,261,2,597,780
1,261,3,13812,781
1,262,1,4593,782
1,262,2,135,783
1,262,3,2634,784
1,263,1,5786,785
1,263,2,73,786
1,263,3,4687,787
1,264,1,6885,788
1,264,2,174,789
1,264,3,249,790
1,265,1,9537,791
1,265,2,407,792
1,265,3,14987,793
1,266,1,1893,794
1,266,2,59,795
1,266,3,334,796
1,267,1,54488,797
1,267,2,973,798
1,267,3,9313,799
1,268,1,4016,800
1,268,2,86,801
1,268,3,652,802
1,269,1,6281,803
1,269,2,201,804
1,269,3,733,805
1,270,1,18095,806
1,270,2,194,807
1,270,3,1514,808
1,271,1,1895,809
1,271,2,29,810
1,271,3,307,811
1,272,1,2186,812
1,272,2,40,813
1,272,3,137,814
1,273,1,3962,815
1,273,2,56,816
1,273,3,1988,817
1,274,1,4752,818
1,274,2,78,819
1,274,3,315,820
1,275,1,4262,821
1,275,2,32,822
1,275,3,570,823
1,276,1,24922,824
1,276,2,616,825
1,276,3,3439,826
1,277,1,1405,827
1,277,2,65,828
1,277,3,173,829
1,278,1,19551,830
1,278,2,435,831
1,278,3,75297,832
1,279,1,43833,833
1,279,2,1459,834
1,279,3,5877,835
1,280,1,1370,836
1,280,2,37,837
1,280,3,336,838
1,281,1,1604,839
1,281,2,44,840
1,281,3,266,841
1,282,1,5138,842
1,282,2,234,843
1,282,3,779,844
1,283,1,4437,845
1,283,2,139,846
1,283,3,487,847
1,284,1,16929,848
1,284,2,300,849
1,284,3,759,850
1,285,1,7553,851
1,285,2,113,852
1,285,3,1673,853
1,286,1,9771,854
1,286,2,255,855
1,286,3,446,856
1,287,1,8540,857
1,287,2,371,858
1,287,3,3680,859
1,288,1,4753,860
1,288,2,79,861
1,288,3,258,862
1,289,1,99777,863
1,289,2,3169,864
1,289,3,42871,865
1,290,1,9672,866
1,290,2,76,867
1,290,3,6311,868
1,291,1,1572,869
1,291,2,9,870
1,291,3,399,871
1,292,1,33424,872
1,292,2,695,873
1,292,3,3310,874
1,293,1,4143,875
1,293,2,90,876
1,293,3,11286,877
1,294,1,6548,878
1,294,2,38,879
1,294,3,1025,880
1,295,1,2260,881
1,295,2,8,882
1,295,3,290,883
1,296,1,2260,884
1,296,2,56,885
1,296,3,328,886
1,297,1,18528,887
1,297,2,300,888
1,297,3,18618,889
1,298,1,7153,890
1,298,2,71,891
1,298,3,1005,892
1,299,1,6693,893
1,299,2,120,894
1,299,3,456,895
1,300,1,6492,896
1,300,2,135,897
1,300,3,1165,898
1,301,1,19669,899
1,301,2,909,900
1,301,3,46189,901
1,302,1,1699,902
1,302,2,23,903
1,302,3,150,904
1,303,1,45418,905
1,303,2,409,906
1,303,3,21940,907
1,304,1,12483,908
1,304,2,160,909
1,304,3,457,910
1,305,1,4363,911
1,305,2,96,912
1,305,3,3648,913
1,306,1,301076,914
1,306,2,13699,915
1,306,3,259853,916
1,307,1,1161,917
1,307,2,16,918
1,307,3,119,919
1,308,1,3834,920
1,308,2,147,921
1,308,3,674,922
1,309,1,54240,923
1,309,2,1159,924
1,309,3,14670,925
1,310,1,4377,926
1,310,2,111,927
1,310,3,572,928
1,311,1,712295,929
1,311,2,27937,930
1,311,3,845768,931
1,312,1,11955,932
1,312,2,155,933
1,312,3,7847,934
1,313,1,13293,935
1,313,2,263,936
1,313,3,886,937
1,314,1,24209,938
1,314,2,412,939
1,314,3,1822,940
1,315,1,10706,941
1,315,2,160,942
1,315,3,5611,943
1,316,1,5411,944
1,316,2,98,945
1,316,3,400,946
1,317,1,29802,947
1,317,2,725,948
1,317,3,2451,949
1,318,1,25571,950
1,318,2,434,951
1,318,3,1722,952
1,319,1,17057,953
1,319,2,236,954
1,319,3,723,955
1,320,1,3114,956
1,320,2,55,957
1,320,3,319,958
1,321,1,9413,959
1,321,2,115,960
1,321,3,967,961
1,322,1,5156,962
1,322,2,39,963
1,322,3,1808,964
1,323,1,21968,965
1,323,2,278,966
1,323,3,1850,967
1,324,1,292868,968
1,324,2,3521,969
1,324,3,264653,970
1,325,1,3151,971
1,325,2,88,972
1,325,3,470,973
1,326,1,1512,974
1,326,2,69,975
1,326,3,1954,976
1,327,1,1541,977
1,327,2,129,978
1,327,3,1239,979
1,328,1,15750,980
1,328,2,432,981
1,328,3,799,982
1,329,1,13073,983
1,329,2,513,984
1,329,3,708,985
1,330,1,6220,986
1,330,2,120,987
1,330,3,799,988
1,331,1,9038,989
1,331,2,299,990
1,331,3,801,991
1,332,1,18509,992
1,332,2,181,993
1,332,3,1078,994
1,333,1,12592,995
1,333,2,154,996
1,333,3,330,997
1,334,1,941,998
1,334,3,5,999
1,335,1,35201,1000
1,335,2,431,1001
1,335,3,4623,1002
1,336,1,1492,1003
1,336,2,20,1004
1,336,3,200,1005
1,337,1,53862,1006
1,337,2,972,1007
1,337,3,3569,1008
1,338,1,2619,1009
1,338,2,85,1010
1,338,3,416,1011
1,339,1,1338,1012
1,339,2,34,1013
1,339,3,405,1014
1,340,1,26484,1015
1,340,2,662,1016
1,340,3,4141,1017
1,341,1,23949,1018
1,341,2,606,1019
1,341,3,5260,1020
1,342,1,8565,1021
1,342,2,209,1022
1,342,3,1799,1023
1,343,1,51001,1024
1,343,2,3703,1025
1,343,3,94321,1026
1,344,1,3500,1027
1,344,2,53,1028
1,344,3,379,1029
1,345,1,3802,1030
1,345,2,2,1031
1,345,3,725,1032
1,346,1,16191,1033
1,346,2,302,1034
1,346,3,324,1035
1,347,1,8540,1036
1,347,2,110,1037
1,347,3,278,1038
1,348,1,809576,1039
1,348,2,31046,1040
1,348,3,1633443,1041
1,349,1,6519,1042
1,349,2,85,1043
1,349,3,961,1044
1,350,1,458,1045
1,350,3,4,1046
1,351,1,4564,1047
1,351,2,24,1048
1,351,3,693,1049
1,352,1,2082,1050
1,352,2,12,1051
1,352,3,235,1052
1,353,1,2124,1053
1,353,2,26,1054
1,353,3,210,1055
1,354,1,30401,1056
1,354,2,2000,1057
1,354,3,30621,1058
1,355,1,35562,1059
1,355,2,238,1060
1,355,3,1522,1061
1,356,1,56291,1062
1,356,2,2232,1063
1,356,3,23211,1064
1,357,1,4955,1065
1,357,2,80,1066
1,357,3,2765,1067
1,358,1,7321,1068
1,358,2,204,1069
1,358,3,1201,1070
1,359,1,3656,1071
1,359,2,84,1072
1,359,3,512,1073
1,360,1,26126,1074
1,360,2,356,1075
1,360,3,3845,1076
1,361,1,54242,1077
1,361,2,3272,1078
1,361,3,261193,1079
1,362,1,78490,1080
1,362,2,3781,1081
1,362,3,15101,1082
1,363,1,6551,1083
1,363,2,112,1084
1,363,3,738,1085
1,364,1,3399,1086
1,364,2,46,1087
1,364,3,696,1088
1,365,1,595,1089
1,365,3,4,1090
1,366,1,9324,1091
1,366,2,272,1092
1,366,3,1106,1093
1,367,1,10894,1094
1,367,2,82,1095
1,367,3,3869,1096
1,368,1,18156,1097
1,368,2,990,1098
1,368,3,50847,1099
1,369,1,13789,1100
1,369,2,357,1101
1,369,3,8295,1102
1,370,1,4531,1103
1,370,2,19,1104
1,370,3,846,1105
1,371,1,29,1106
1,371,2,11,1107
1,371,3,60,1108
1,372,1,6301,1109
1,372,2,137,1110
1,372,3,536,1111
1,373,1,12332,1112
1,373,2,441,1113
1,373,3,15538,1114
1,374,1,12202,1115
1,374,2,256,1116
1,374,3,514,1117
1,375,1,3918,1118
1,375,2,84,1119
1,375,3,1288,1120
1,376,1,7087,1121
1,376,2,171,1122
1,376,3,1688,1123
1,377,1,4340,1124
1,377,2,48,1125
1,377,3,146,1126
1,378,1,11812,1127
1,378,2,195,1128
1,378,3,902,1129
1,378,4,3,1130
1,379,1,10476,1131
1,379,2,223,1132
1,379,3,3078,1133
1,380,1,3913,1134
1,380,2,23,1135
1,380,3,317,1136
1,381,1,69168,1137
1,381,2,817,1138
1,381,3,2559,1139
1,382,1,20464,1140
1,382,2,383,1141
1,382,3,1731,1142
1,383,1,33635,1143
1,383,2,2549,1144
1,383,3,121204,1145
1,384,1,14526,1146
1,384,2,724,1147
1,384,3,8469,1148
1,385,1,11337,1149
1,385,2,266,1150
1,385,3,851,1151
1,386,1,15226,1152
1,386,2,564,1153
1,386,3,670,1154
1,387,1,7542,1155
1,387,2,129,1156
1,387,3,236,1157
1,388,1,27388,1158
1,388,2,619,1159
1,388,3,29066,1160
1,389,1,3652,1161
1,389,2,150,1162
1,389,3,178,1163
1,390,1,3334,1164
1,390,2,144,1165
1,390,3,2258,1166
1,391,1,29073,1167
1,391,2,899,1168
1,391,3,5395,1169
1,392,1,82440,1170
1,392,2,3946,1171
1,392,3,45700,1172
1,393,1,8435,1173
1,393,2,5,1174
1,393,3,303,1175
1,394,1,4,1176
1,394,2,32,1177
1,394,3,51,1178
1,395,1,22984,1179
1,395,2,770,1180
1,395,3,7387,1181
1,396,1,20999,1182
1,396,2,806,1183
1,396,3,2872,1184
1,397,1,5832,1185
1,397,2,138,1186
1,397,3,558,1187
1,398,1,16252,1188
1,398,2,338,1189
1,398,3,9305,1190
1,399,1,7413,1191
1,399,2,3,1192
1,399,3,5018,1193
1,400,1,162681,1194
1,400,2,2096,1195
1,400,3,6536,1196
1,401,1,4196,1197
1,401,2,143,1198
1,401,3,351,1199
1,402,1,11228,1200
1,402,2,76,1201
1,402,3,510,1202
1,403,1,6824,1203
1,403,2,129,1204
1,403,3,2386,1205
1,404,1,7739,1206
1,404,2,52,1207
1,404,3,483,1208
1,405,1,13704,1209
1,405,2,532,1210
1,405,3,6223,1211
1,406,1,4341,1212
1,406,2,81,1213
1,406,3,233,1214
1,407,1,4094,1215
1,407,2,18,1216
1,407,3,354,1217
1,408,1,10741,1218
1,408,2,148,1219
1,408,3,859,1220
1,409,1,59176,1221
1,409,2,12318,1222
1,409,3,140425,1223
1,410,1,9452,1224
1,410,2,202,1225
1,410,3,1708,1226
1,411,1,10139,1227
1,411,2,476,1228
1,411,3,1698,1229
1,412,1,10109,1230
1,412,2,81,1231
1,412,3,608,1232
1,413,1,5181,1233
1,413,2,94,1234
1,413,3,546,1235
1,414,1,11864,1236
1,414,2,455,1237
1,414,3,3006,1238
1,415,1,8905,1239
1,415,2,59,1240
1,415,3,1107,1241
1,416,1,5464,1242
1,416,2,108,1243
1,416,3,982,1244
1,417,1,7033,1245
1,417,2,145,1246
1,417,3,1972,1247
1,418,1,18706,1248
1,418,2,896,1249
1,418,3,7552,1250
1,419,1,4542,1251
1,419,2,118,1252
1,419,3,1426,1253
1,420,1,21863,1254
1,420,2,289,1255
1,420,3,1740,1256
1,421,1,17674,1257
1,421,2,227,1258
1,421,3,1168,1259
1,422,1,24684,1260
1,422,2,708,1261
1,422,3,17604,1262
1,423,1,2704,1263
1,423,2,31,1264
1,423,3,739,1265
1,424,1,3651,1266
1,424,2,76,1267
1,424,3,714,1268
1,425,1,2932,1269
1,425,2,17,1270
1,425,3,992,1271
1,426,1,2574,1272
1,426,2,109,1273
1,426,3,372,1274
1,427,1,7148,1275
1,427,2,117,1276
1,427,3,2808,1277
1,428,1,15097,1278
1,428,2,524,1279
1,428,3,1383,1280
1,429,1,10370,1281
1,429,2,78,1282
1,429,3,1266,1283
1,430,1,6098,1284
1,430,2,185,1285
1,430,3,1586,1286
1,431,1,94660,1287
1,431,2,408,1288
1,431,3,13849,1289
1,432,1,205636,1290
1,432,2,13580,1291
1,432,3,373046,1292
1,433,1,5178,1293
1,433,2,55,1294
1,433,3,747,1295
1,434,1,9321,1296
1,434,2,367,1297
1,434,3,755,1298
1,435,1,4272,1299
1,435,2,56,1300
1,435,3,724,1301
1,436,1,83592,1302
1,436,2,5816,1303
1,436,3,102665,1304
1,437,1,5517,1305
1,437,2,168,1306
1,437,3,468,1307
1,438,1,3631,1308
1,438,2,85,1309
1,438,3,297,1310
1,439,1,12946,1311
1,439,2,193,1312
1,439,3,4283,1313
1,440,1,7989,1314
1,440,2,235,1315
1,440,3,1113,1316
1,441,1,6613,1317
1,441,2,294,1318
1,441,3,779,1319
1,442,1,2565,1320
1,442,2,90,1321
1,442,3,965,1322
1,443,1,5212,1323
1,443,2,88,1324
1,443,3,527,1325
1,444,1,7193,1326
1,444,2,261,1327
1,444,3,3798,1328
1,445,1,6766,1329
1,445,2,264,1330
1,445,3,291,1331
1,446,1,28456,1332
1,446,2,1471,1333
1,446,3,18536,1334
1,447,1,5337,1335
1,447,2,83,1336
1,447,3,612,1337
1,448,1,49047,1338
1,448,2,1297,1339
1,448,3,11814,1340
1,449,1,7216,1341
1,449,2,90,1342
1,449,3,3104,1343
1,450,1,1482,1344
1,450,2,26,1345
1,450,3,352,1346
1,451,1,7246,1347
1,451,2,150,1348
1,451,3,2711,1349
1,452,1,12605,1350
1,452,2,229,1351
1,452,3,643,1352
1,453,1,2349,1353
1,453,2,63,1354
1,453,3,279,1355
1,454,1,30622,1356
1,454,2,568,1357
1,454,3,2501,1358
1,455,1,18191,1359
1,455,2,654,1360
1,455,3,76249,1361
1,456,1,41664,1362
1,456,2,768,1363
1,456,3,61505,1364
1,457,1,20773,1365
1,457,2,447,1366
1,457,3,1249,1367
1,458,1,6013,1368
1,458,2,232,1369
1,458,3,1011,1370
1,459,1,8417,1371
1,459,2,107,1372
1,459,3,449,1373
1,460,1,16491,1374
1,460,2,643,1375
1,460,3,20553,1376
1,461,1,3143,1377
1,461,2,30,1378
1,461,3,307,1379
1,462,1,8482,1380
1,462,2,328,1381
1,462,3,396,1382
1,463,1,37494,1383
1,463,2,997,1384
1,463,3,5352,1385
1,464,1,9896,1386
1,464,2,432,1387
1,464,3,3912,1388
1,465,1,9542,1389
1,465,2,66,1390
1,465,3,908,1391
1,466,1,1303,1392
1,466,2,15,1393
1,466,3,159,1394
1,467,1,1672,1395
1,467,2,65,1396
1,467,3,225,1397
1,468,1,206476,1398
1,468,2,5164,1399
1,468,3,85593,1400
1,469,1,35876,1401
1,469,2,564,1402
1,469,3,5804,1403
1,470,1,39362,1404
1,470,2,2036,1405
1,470,3,45077,1406
1,471,1,14,1407
1,471,2,28,1408
1,471,3,63,1409
1,472,1,8179,1410
1,472,2,352,1411
1,472,3,3380,1412
1,473,1,5290,1413
1,473,2,419,1414
1,473,3,2748,1415
1,474,1,9199,1416
1,474,2,163,1417
1,474,3,571,1418
1,475,1,4143,1419
1,475,2,68,1420
1,475,3,711,1421
1,476,1,3971,1422
1,476,2,178,1423
1,476,3,519,1424
1,477,1,11616,1425
1,477,2,446,1426
1,477,3,882,1427
1,478,1,5430,1428
1,478,2,26,1429
1,478,3,395,1430
1,479,1,40840,1431
1,479,2,614,1432
1,479,3,2887,1433
1,480,1,59574,1434
1,480,2,1128,1435
1,480,3,5868,1436
1,481,1,596,1437
1,481,2,7,1438
1,481,3,266,1439
1,482,1,22103,1440
1,482,2,568,1441
1,482,3,7081,1442
1,483,1,7733,1443
1,483,2,153,1444
1,483,3,2019,1445
1,484,1,7605,1446
1,484,2,100,1447
1,484,3,762,1448
1,485,1,4955,1449
1,485,2,39,1450
1,485,3,1868,1451
1,486,1,117031,1452
1,486,2,3589,1453
1,486,3,60371,1454
1,487,1,1382,1455
1,487,2,2,1456
1,487,3,19,1457
1,488,1,1165,1458
1,488,2,27,1459
1,488,3,95,1460
1,489,1,4767,1461
1,489,2,111,1462
1,489,3,449,1463
1,490,1,10606,1464
1,490,2,277,1465
1,490,3,614,1466
1,491,1,3404,1467
1,491,2,61,1468
1,491,3,2317,1469
1,492,1,32586,1470
1,492,2,651,1471
1,492,3,24106,1472
1,493,1,3066,1473
1,493,3,285,1474
1,494,1,10896,1475
1,494,2,109,1476
1,494,3,645,1477
1,495,1,35572,1478
1,495,2,593,1479
1,495,3,11493,1480
1,496,1,6544,1481
1,496,2,185,1482
1,496,3,630,1483
1,497,1,4701,1484
1,497,2,54,1485
1,497,3,280,1486
1,498,1,8345,1487
1,498,2,63,1488
1,498,3,4766,1489
1,499,1,32335,1490
1,499,2,472,1491
1,499,3,1986,1492
1,500,1,5603,1493
1,500,2,97,1494
1,500,3,979,1495
1,501,1,13833,1496
1,501,2,388,1497
1,501,3,930,1498
1,502,1,8379,1499
1,502,2,147,1500
1,502,3,805,1501
1,503,1,31034,1502
1,503,2,574,1503
1,503,3,29922,1504
1,504,1,8290,1505
1,504,2,321,1506
1,504,3,972,1507
1,505,1,38926,1508
1,505,2,466,1509
1,505,3,1961,1510
1,506,1,13256,1511
1,506,2,246,1512
1,506,3,1281,1513
1,507,1,22405,1514
1,507,2,438,1515
1,507,3,1335,1516
1,508,1,5663,1517
1,508,2,229,1518
1,508,3,206,1519
1,509,1,8065,1520
1,509,2,122,1521
1,509,3,389,1522
1,510,1,115488,1523
1,510,2,8522,1524
1,510,3,240137,1525
1,511,1,228990,1526
1,511,2,10865,1527
1,511,3,112822,1528
1,512,1,99726,1529
1,512,2,2558,1530
1,512,3,30106,1531
1,513,1,2004,1532
1,513,2,17,1533
1,513,3,99,1534
1,514,1,1456,1535
1,514,2,11,1536
1,514,3,203,1537
1,515,1,18482,1538
1,515,2,426,1539
1,515,3,932,1540
1,516,1,8336,1541
1,516,2,277,1542
1,516,3,1378,1543
1,517,1,16302,1544
1,517,2,139,1545
1,517,3,675,1546
1,518,1,6725,1547
1,518,2,170,1548
1,518,3,478,1549
1,519,1,29915,1550
1,519,2,760,1551
1,519,3,6169,1552
1,520,1,4110,1553
1,520,2,89,1554
1,520,3,678,1555
1,521,1,14252,1556
1,521,2,322,1557
1,521,3,631,1558
1,522,1,9506,1559
1,522,2,57,1560
1,522,3,1539,1561
1,523,1,7710,1562
1,523,2,203,1563
1,523,3,1963,1564
1,524,1,13479,1565
1,524,2,327,1566
1,524,3,1090,1567
1,525,1,19259,1568
1,525,2,427,1569
1,525,3,1139,1570
1,526,1,1414,1571
1,526,2,68,1572
1,526,3,158,1573
1,527,1,1850,1574
1,527,2,56,1575
1,527,3,211,1576
1,528,1,3325,1577
1,528,2,170,1578
1,528,3,534,1579
1,529,1,21191,1580
1,529,2,207,1581
1,529,3,10281,1582
1,530,1,9745,1583
1,530,2,278,1584
1,530,3,1463,1585
1,531,1,18813,1586
1,531,2,125,1587
1,531,3,1028,1588
1,532,1,15645,1589
1,532,2,256,1590
1,532,3,488,1591
1,533,1,6447,1592
1,533,2,182,1593
1,533,3,1164,1594
1,534,1,2,1595
1,534,2,8,1596
1,534,3,20,1597
1,535,1,117992,1598
1,535,2,3428,1599
1,535,3,17124,1600
1,536,1,4143,1601
1,536,2,74,1602
1,536,3,252,1603
1,537,1,22693,1604
1,537,2,332,1605
1,537,3,1550,1606
1,538,1,3711,1607
1,538,2,65,1608
1,538,3,678,1609
1,539,1,6955,1610
1,539,2,284,1611
1,539,3,3269,1612
1,540,1,2026,1613
1,540,2,46,1614
1,540,3,899,1615
1,541,1,1848,1616
1,541,2,19,1617
1,541,3,860,1618
1,542,1,9835,1619
1,542,2,140,1620
1,542,3,752,1621
1,543,1,7015,1622
1,543,2,91,1623
1,543,3,259,1624
1,544,1,5385,1625
1,544,2,122,1626
1,544,3,214,1627
1,545,1,14865,1628
1,545,2,77,1629
1,545,3,1032,1630
1,546,1,174518,1631
1,546,2,10830,1632
1,546,3,402346,1633
1,547,1,5023,1634
1,547,2,132,1635
1,547,3,665,1636
1,548,1,3657,1637
1,548,2,33,1638
1,548,3,291,1639
1,549,1,7022,1640
1,549,2,208,1641
1,549,3,759,1642
1,550,1,6717,1643
1,550,2,65,1644
1,550,3,323,1645
1,551,1,7426,1646
1,551,2,432,1647
1,551,3,2055,1648
1,552,1,20561,1649
1,552,2,358,1650
1,552,3,1362,1651
1,553,1,9660,1652
1,553,2,239,1653
1,553,3,3316,1654
1,554,1,6241,1655
1,554,2,80,1656
1,554,3,767,1657
1,555,1,11353,1658
1,555,2,555,1659
1,555,3,5422,1660
1,556,1,9396,1661
1,556,2,26,1662
1,556,3,1083,1663
1,557,1,49,1664
1,558,1,5769,1665
1,558,2,125,1666
1,558,3,1359,1667
1,559,1,4283,1668
1,559,2,57,1669
1,559,3,916,1670
1,560,1,19952,1671
1,560,2,397,1672
1,560,3,5517,1673
1,561,1,21251,1674
1,561,2,353,1675
1,561,3,866,1676
1,562,1,21735,1677
1,562,2,410,1678
1,562,3,1876,1679
1,563,1,16855,1680
1,563,2,383,1681
1,563,3,827,1682
1,564,1,15121,1683
1,564,2,488,1684
1,564,3,1447,1685
1,565,1,23245,1686
1,565,2,672,1687
1,565,3,1777,1688
1,566,1,26449,1689
1,566,2,709,1690
1,566,3,2001,1691
1,567,1,8574,1692
1,567,2,202,1693
1,567,3,292,1694
1,568,1,5559,1695
1,568,2,24,1696
1,568,3,290,1697
1,569,1,20138,1698
1,569,2,493,1699
1,569,3,11842,1700
1,570,1,1257,1701
1,570,2,17,1702
1,570,3,95,1703
1,571,1,1964,1704
1,571,2,15,1705
1,571,3,262,1706
1,572,1,15595,1707
1,572,2,329,1708
1,572,3,2685,1709
1,573,1,2914,1710
1,573,3,540,1711
1,574,1,22939,1712
1,574,2,428,1713
1,574,3,22075,1714
1,575,1,3423,1715
1,575,2,29,1716
1,575,3,563,1717
1,576,1,31616,1718
1,576,2,909,1719
1,576,3,3395,1720
1,577,1,8636,1721
1,577,2,39,1722
1,577,3,586,1723
1,578,1,14947,1724
1,578,2,440,1725
1,578,3,3743,1726
1,579,1,14364,1727
1,579,3,2558,1728
1,580,1,2185,1729
1,580,2,35,1730
1,580,3,7236,1731
1,581,1,2308,1732
1,581,2,48,1733
1,581,3,362,1734
1,582,1,7231,1735
1,582,2,220,1736
1,582,3,14788,1737
1,583,1,24401,1738
1,583,2,510,1739
1,583,3,15739,1740
1,584,1,22595,1741
1,584,2,530,1742
1,584,3,2476,1743
1,585,1,13616,1744
1,585,2,233,1745
1,585,3,6675,1746
1,586,1,31976,1747
1,586,2,401,1748
1,586,3,1797,1749
1,587,1,5748,1750
1,587,2,99,1751
1,587,3,17264,1752
1,588,1,26837,1753
1,588,2,560,1754
1,588,3,12924,1755
1,589,1,4062,1756
1,589,2,78,1757
1,589,3,691,1758
1,590,1,8876,1759
1,590,2,243,1760
1,590,3,1953,1761
1,591,1,8406,1762
1,591,2,61,1763
1,591,3,721,1764
1,592,1,30687,1765
1,592,2,816,1766
1,592,3,10220,1767
1,593,1,18195,1768
1,593,2,194,1769
1,593,3,1199,1770
1,594,1,6826,1771
1,594,2,93,1772
1,594,3,639,1773
1,595,1,1276,1774
1,595,2,30,1775
1,595,3,148,1776
1,596,1,31071,1777
1,596,2,549,1778
1,596,3,1863,1779
1,597,1,754,1780
1,597,2,33,1781
1,597,3,162,1782
1,598,1,4138,1783
1,598,2,11,1784
1,598,3,315,1785
1,599,1,5679,1786
1,599,2,177,1787
1,599,3,894,1788
1,600,1,25352,1789
1,600,2,372,1790
1,600,3,1424,1791
1,601,1,3829,1792
1,601,2,33,1793
1,601,3,278,1794
1,602,1,19982,1795
1,602,2,1092,1796
1,602,3,4544,1797
1,603,1,55778,1798
1,603,2,2293,1799
1,603,3,79661,1800
1,604,1,23224,1801
1,604,2,582,1802
1,604,3,1324,1803
1,605,1,5174,1804
1,605,2,35,1805
1,605,3,343,1806
1,606,1,2023,1807
1,606,2,44,1808
1,606,3,3581,1809
1,607,1,13353,1810
1,607,2,904,1811
1,607,3,6528,1812
1,608,1,22196,1813
1,608,2,735,1814
1,608,3,8321,1815
1,609,1,1899,1816
1,609,2,31,1817
1,609,3,848,1818
1,610,1,21796,1819
1,610,2,404,1820
1,610,3,1301,1821
1,611,1,86552,1822
1,611,2,1696,1823
1,611,3,9042,1824
1,612,1,4480,1825
1,612,2,20,1826
1,612,3,326,1827
1,613,1,11535,1828
1,613,2,348,1829
1,613,3,5976,1830
1,614,1,10434,1831
1,614,2,57,1832
1,614,3,1743,1833
1,615,1,24306,1834
1,615,2,535,1835
1,615,3,6457,1836
1,616,1,7424,1837
1,616,2,106,1838
1,616,3,2430,1839
1,617,1,8946,1840
1,617,2,159,1841
1,617,3,721,1842
1,618,1,4972,1843
1,618,2,104,1844
1,618,3,488,1845
1,619,1,103882,1846
1,619,2,17235,1847
1,619,3,131824,1848
1,620,1,6856,1849
1,620,2,142,1850
1,620,3,651,1851
1,621,1,15512,1852
1,621,2,403,1853
1,621,3,14980,1854
1,622,1,3837,1855
1,622,2,31,1856
1,622,3,964,1857
1,623,1,65856,1858
1,623,2,2632,1859
1,623,3,79002,1860
1,624,1,20308,1861
1,624,2,314,1862
1,624,3,705,1863
1,625,1,4281,1864
1,625,2,49,1865
1,625,3,331,1866
1,626,1,33155,1867
1,626,2,521,1868
1,626,3,1845,1869
1,627,1,14476,1870
1,627,2,144,1871
1,627,3,2570,1872
1,628,1,8615,1873
1,628,2,170,1874
1,628,3,2093,1875
1,629,1,25929,1876
1,629,2,640,1877
1,629,3,9721,1878
1,630,1,3676,1879
1,630,2,167,1880
1,630,3,428,1881
1,631,1,3921,1882
1,631,2,15,1883
1,631,3,447,1884
1,632,1,6913,1885
1,632,2,54,1886
1,632,3,543,1887
1,633,1,31875,1888
1,633,2,465,1889
1,633,3,6169,1890
1,634,1,29835,1891
1,634,2,549,1892
1,634,3,2896,1893
1,635,1,2674,1894
1,635,2,47,1895
1,635,3,508,1896
1,636,1,3320,1897
1,636,2,7,1898
1,636,3,386,1899
1,637,1,6518,1900
1,637,2,151,1901
1,637,3,689,1902
1,638,1,1389,1903
1,638,2,17,1904
1,638,3,402,1905
1,639,1,6810,1906
1,639,2,242,1907
1,639,3,356,1908
1,640,1,11886,1909
1,640,2,378,1910
1,640,3,1381,1911
1,641,1,5143,1912
1,641,2,41,1913
1,641,3,748,1914
1,642,1,37367,1915
1,642,2,207,1916
1,642,3,27596,1917
1,643,1,4114,1918
1,643,2,117,1919
1,643,3,503,1920
1,644,1,9238,1921
1,644,2,70,1922
1,644,3,535,1923
1,645,1,14776,1924
1,645,2,305,1925
1,645,3,881,1926
1,646,1,5645,1927
1,646,2,77,1928
1,646,3,4239,1929
1,647,1,88513,1930
1,647,2,8145,1931
1,647,3,183882,1932
1,648,1,315819,1933
1,648,2,16897,1934
1,648,3,190956,1935
1,649,1,21544,1936
1,649,2,293,1937
1,649,3,451,1938
1,650,1,2016,1939
1,650,2,30,1940
1,650,3,896,1941
1,651,1,15931,1942
1,651,2,457,1943
1,651,3,6786,1944
1,652,1,2180,1945
1,652,2,40,1946
1,652,3,550,1947
1,653,1,2617,1948
1,653,2,129,1949
1,653,3,6930,1950
1,654,1,69264,1951
1,654,2,2219,1952
1,654,3,26226,1953
1,655,1,21550,1954
1,655,2,553,1955
1,655,3,9691,1956
1,656,1,4027,1957
1,656,2,16,1958
1,656,3,266,1959
1,657,1,38520,1960
1,657,2,795,1961
1,657,3,33777,1962
1,658,1,1702,1963
1,658,2,38,1964
1,658,3,196,1965
1,659,1,2196,1966
1,659,2,32,1967
1,659,3,271,1968
1,660,1,7348,1969
1,660,2,331,1970
1,660,3,402,1971
1,661,1,5243,1972
1,661,2,51,1973
1,661,3,1752,1974
1,662,1,8525,1975
1,662,2,175,1976
1,662,3,453,1977
1,663,1,15721,1978
1,663,2,343,1979
1,663,3,494,1980
1,664,1,6977,1981
1,664,2,44,1982
1,664,3,248,1983
1,665,1,7314,1984
1,665,2,67,1985
1,665,3,2658,1986
1,666,1,9598,1987
1,666,2,171,1988
1,666,3,1913,1989
1,667,1,16655,1990
1,667,2,292,1991
1,667,3,1497,1992
1,668,1,14399,1993
1,668,2,162,1994
1,668,3,3397,1995
1,669,1,13833,1996
1,669,3,181,1997
1,670,1,7796,1998
1,670,2,123,1999
1,670,3,234,2000
1,671,1,4128,2001
1,671,2,46,2002
1,671,3,262,2003
1,672,1,18543,2004
1,672,2,151,2005
1,672,3,1585,2006
1,673,1,5916,2007
1,673,2,37,2008
1,673,3,656,2009
1,674,1,130217,2010
1,674,2,4856,2011
1,674,3,212736,2012
1,675,1,9735,2013
1,675,2,259,2014
1,675,3,4883,2015
1,676,1,6913,2016
1,676,2,89,2017
1,676,3,722,2018
1,677,1,9999,2019
1,677,2,213,2020
1,677,3,386,2021
1,678,1,877,2022
1,678,2,24,2023
1,678,3,508,2024
1,679,1,14461,2025
1,679,2,203,2026
1,679,3,1172,2027
1,680,1,2542,2028
1,680,2,79,2029
1,680,3,349,2030
1,681,1,5632,2031
1,681,2,32,2032
1,681,3,578,2033
1,682,1,11469,2034
1,682,2,185,2035
1,682,3,950,2036
1,683,1,23669,2037
1,683,2,637,2038
1,683,3,5140,2039
1,684,1,7741,2040
1,684,2,41,2041
1,684,3,1811,2042
1,685,1,4955,2043
1,685,2,38,2044
1,685,3,549,2045
1,686,1,6208,2046
1,686,2,125,2047
1,686,3,612,2048
1,687,1,3475,2049
1,687,2,173,2050
1,687,3,7938,2051
1,688,1,3214,2052
1,688,2,117,2053
1,688,3,466,2054
1,689,1,885,2055
1,689,2,40,2056
1,689,3,196,2057
1,690,1,5218,2058
1,690,2,84,2059
1,690,3,553,2060
1,691,1,9320,2061
1,691,2,249,2062
1,691,3,12008,2063
1,692,1,10069,2064
1,692,2,213,2065
1,692,3,771,2066
1,693,1,19810,2067
1,693,2,123,2068
1,693,3,5014,2069
1,694,1,3960,2070
1,694,2,99,2071
1,694,3,1782,2072
1,695,1,1414,2073
1,695,2,50,2074
1,695,3,470,2075
1,696,1,6426,2076
1,696,2,220,2077
1,696,3,3430,2078
1,697,1,5699,2079
1,697,2,142,2080
1,697,3,610,2081
1,698,1,37127,2082
1,698,2,679,2083
1,698,3,1838,2084
1,699,1,1816,2085
1,699,2,98,2086
1,699,3,1134,2087
1,700,1,444,2088
1,700,2,10,2089
1,700,3,108,2090
1,701,1,60686,2091
1,701,2,2131,2092
1,701,3,90340,2093
1,702,1,6140,2094
1,702,2,106,2095
1,702,3,3268,2096
1,703,1,3421,2097
1,703,2,127,2098
1,703,3,826,2099
1,704,1,9260,2100
1,704,2,151,2101
1,704,3,2195,2102
1,705,1,2752,2103
1,705,2,110,2104
1,705,3,2464,2105
1,706,1,1420,2106
1,706,2,43,2107
1,706,3,137,2108
1,707,1,15667,2109
1,707,2,465,2110
1,707,3,15315,2111
1,708,1,9688,2112
1,708,2,72,2113
1,708,3,693,2114
1,709,1,4381,2115
1,709,2,125,2116
1,709,3,439,2117
1,710,1,8154,2118
1,710,2,143,2119
1,710,3,545,2120
1,711,1,18457,2121
1,711,2,221,2122
1,711,3,88718,2123
1,712,1,107964,2124
1,712,2,3678,2125
1,712,3,114416,2126
1,713,1,28416,2127
1,713,2,2536,2128
1,713,3,129977,2129
1,714,1,5491,2130
1,714,2,138,2131
1,714,3,1006,2132
1,715,1,9586,2133
1,715,2,80,2134
1,715,3,341,2135
1,716,1,7143,2136
1,716,2,162,2137
1,716,3,1500,2138
1,717,1,4940,2139
1,717,2,465,2140
1,717,3,3369,2141
1,718,1,2773,2142
1,718,2,48,2143
1,718,3,2786,2144
1,719,1,7621,2145
1,719,2,120,2146
1,719,3,1028,2147
1,720,1,4246,2148
1,720,2,137,2149
1,720,3,1521,2150
1,721,1,15440,2151
1,721,2,105,2152
1,721,3,633,2153
1,722,1,2315,2154
1,722,2,20,2155
1,722,3,587,2156
1,723,1,22738,2157
1,723,2,1106,2158
1,723,3,5686,2159
1,724,1,4654,2160
1,724,2,83,2161
1,724,3,6948,2162
1,725,1,26142,2163
1,725,2,343,2164
1,725,3,677,2165
1,726,1,7558,2166
1,726,2,434,2167
1,726,3,2107,2168
1,727,1,2564,2169
1,727,2,26,2170
1,727,3,399,2171
1,728,1,3,2172
1,728,2,3,2173
1,728,3,6,2174
1,729,1,5250,2175
1,729,2,10,2176
1,729,3,3500,2177
1,730,1,3286,2178
1,730,2,57,2179
1,730,3,833,2180
1,731,1,2404,2181
1,731,2,81,2182
1,731,3,164,2183
1,732,1,1084,2184
1,732,2,13,2185
1,732,3,193,2186
1,733,1,43613,2187
1,733,2,1061,2188
1,733,3,33892,2189
1,734,1,13185,2190
1,734,2,636,2191
1,734,3,3491,2192
1,735,1,7854,2193
1,735,2,118,2194
1,735,3,2960,2195
1,736,1,38244,2196
1,736,2,2222,2197
1,736,3,16367,2198
1,737,1,6696,2199
1,737,2,190,2200
1,737,3,4132,2201
1,738,1,8363,2202
1,738,2,150,2203
1,738,3,1755,2204
1,739,1,19206,2205
1,739,2,633,2206
1,739,3,5211,2207
1,740,1,12362,2208
1,740,2,340,2209
1,740,3,1117,2210
1,741,1,7889,2211
1,741,2,208,2212
1,741,3,2025,2213
1,742,1,19612,2214
1,742,2,291,2215
1,742,3,1345,2216
1,743,1,12279,2217
1,743,2,230,2218
1,743,3,1203,2219
1,744,1,5746,2220
1,744,2,90,2221
1,744,3,1197,2222
1,745,1,12616,2223
1,745,2,289,2224
1,745,3,5980,2225
1,746,1,21149,2226
1,746,2,1520,2227
1,746,3,139282,2228
1,747,1,6998,2229
1,747,2,296,2230
1,747,3,2174,2231
1,748,1,2700,2232
1,748,2,49,2233
1,748,3,531,2234
1,749,1,26348,2235
1,749,2,442,2236
1,749,3,2110,2237
1,750,1,19348,2238
1,750,2,289,2239
1,750,3,1038,2240
1,751,1,1762,2241
1,751,2,15,2242
1,751,3,175,2243
1,752,1,10493,2244
1,752,2,157,2245
1,752,3,985,2246
1,753,1,12859,2247
1,753,2,63,2248
1,753,3,645,2249
1,754,1,2806,2250
1,754,2,25,2251
1,754,3,295,2252
1,755,1,17366,2253
1,755,2,523,2254
1,755,3,9265,2255
1,756,1,3038,2256
1,756,2,63,2257
1,756,3,224,2258
1,757,1,32578,2259
1,757,2,1566,2260
1,757,3,5656,2261
1,758,1,1754,2262
1,758,2,61,2263
1,758,3,186,2264
1,758,4,301,2265
1,759,1,5223,2266
1,759,2,107,2267
1,759,3,959,2268
1,760,1,10247,2269
1,760,2,183,2270
1,760,3,573,2271
1,761,1,2,2272
1,761,2,6,2273
1,761,3,17,2274
1,762,1,15809,2275
1,762,2,230,2276
1,762,3,1526,2277
1,763,1,1972,2278
1,763,2,20,2279
1,763,3,375,2280
1,764,1,2873,2281
1,764,2,104,2282
1,764,3,645,2283
1,765,1,4233,2284
1,765,2,116,2285
1,765,3,6524,2286
1,766,1,7083,2287
1,766,2,65,2288
1,766,3,1014,2289
1,767,1,7849,2290
1,767,2,50,2291
1,767,3,999,2292
1,768,1,47101,2293
1,768,2,721,2294
1,768,3,9771,2295
1,769,1,25770,2296
1,769,2,628,2297
1,769,3,3818,2298
1,769,4,226,2299
1,770,1,5002,2300
1,770,2,23,2301
1,770,3,518,2302
1,771,1,6669,2303
1,771,2,248,2304
1,771,3,1822,2305
1,772,1,14543,2306
1,772,2,173,2307
1,772,3,609,2308
1,773,1,25958,2309
1,773,2,598,2310
1,773,3,1845,2311
1,774,1,5591,2312
1,774,2,185,2313
1,774,3,1879,2314
1,775,1,29520,2315
1,775,2,877,2316
1,775,3,19524,2317
1,776,1,1219,2318
1,776,2,11,2319
1,776,3,174,2320
1,777,1,6303,2321
1,777,2,346,2322
1,777,3,3797,2323
1,778,1,208589,2324
1,778,2,6115,2325
1,778,3,66017,2326
1,779,1,5989,2327
1,779,2,122,2328
1,779,3,2094,2329
1,780,1,4400,2330
1,780,2,93,2331
1,780,3,454,2332
1,781,1,6520,2333
1,781,2,169,2334
1,781,3,597,2335
1,782,1,14192,2336
1,782,2,301,2337
1,782,3,1372,2338
1,783,1,715938,2339
1,783,2,49146,2340
1,783,3,2165129,2341
1,784,1,2391,2342
1,784,2,38,2343
1,784,3,841,2344
1,785,1,179,2345
1,785,3,3,2346
1,786,1,4481,2347
1,786,2,25,2348
1,786,3,946,2349
1,787,1,9998,2350
1,787,2,177,2351
1,787,3,1486,2352
1,788,1,13288,2353
1,788,2,295,2354
1,788,3,3443,2355
1,789,1,12744,2356
1,789,2,300,2357
1,789,3,741,2358
1,790,1,1000,2359
1,790,2,66,2360
1,790,3,2817,2361
1,791,1,3129,2362
1,791,2,39,2363
1,791,3,333,2364
1,792,1,8688,2365
1,792,2,227,2366
1,792,3,604,2367
1,793,1,5486,2368
1,793,2,112,2369
1,793,3,293,2370
1,794,1,2449,2371
1,794,2,8,2372
1,794,3,155,2373
1,795,1,31500,2374
1,795,2,298,2375
1,795,3,1124,2376
1,796,1,1247,2377
1,796,2,28,2378
1,796,3,238,2379
1,797,1,4593,2380
1,797,2,132,2381
1,797,3,447,2382
1,798,1,46401,2383
1,798,2,3887,2384
1,798,3,85376,2385
1,799,1,21040,2386
1,799,2,201,2387
1,799,3,534,2388
1,800,1,5476,2389
1,800,2,199,2390
1,800,3,13467,2391
1,801,1,3317,2392
1,801,2,135,2393
1,801,3,304,2394
1,802,1,1697,2395
1,802,2,43,2396
1,802,3,134,2397
1,803,1,48260,2398
1,803,2,949,2399
1,803,3,5801,2400
1,804,1,6322,2401
1,804,2,161,2402
1,804,3,327,2403
1,804,4,797,2404
1,805,1,17059,2405
1,805,2,290,2406
1,805,3,1236,2407
1,806,1,9362,2408
1,806,2,92,2409
1,806,3,1220,2410
1,807,1,46974,2411
1,807,2,1438,2412
1,807,3,5189,2413
1,808,1,2706,2414
1,808,2,94,2415
1,808,3,1192,2416
1,809,1,17363,2417
1,809,2,438,2418
1,809,3,4101,2419
1,810,1,5006,2420
1,810,2,779,2421
1,810,3,4529,2422
1,811,1,8212,2423
1,811,2,202,2424
1,811,3,6149,2425
1,812,1,39885,2426
1,812,2,1224,2427
1,812,3,9225,2428
1,813,1,13301,2429
1,813,2,148,2430
1,813,3,3352,2431
1,814,1,2954,2432
1,814,2,54,2433
1,814,3,468,2434
1,814,4,179,2435
1,815,1,2391,2436
1,815,2,26,2437
1,815,3,433,2438
1,816,1,77612,2439
1,816,2,391,2440
1,816,3,21959,2441
1,817,1,12910,2442
1,817,2,382,2443
1,817,3,8743,2444
1,818,1,57586,2445
1,818,2,1309,2446
1,818,3,79785,2447
1,819,1,13229,2448
1,819,2,691,2449
1,819,3,63417,2450
1,820,1,993,2451
1,820,2,24,2452
1,820,3,231,2453
1,821,1,2316,2454
1,821,2,35,2455
1,821,3,608,2456
1,822,1,1438,2457
1,822,2,38,2458
1,822,3,188,2459
1,823,1,506229,2460
1,823,2,16713,2461
1,823,3,352613,2462
1,824,1,6272,2463
1,824,2,66,2464
1,824,3,487,2465
1,825,1,57263,2466
1,825,2,1461,2467
1,825,3,7974,2468
1,826,1,19022,2469
1,826,2,395,2470
1,826,3,1987,2471
1,827,1,2870,2472
1,827,2,68,2473
1,827,3,347,2474
1,828,1,90032,2475
1,828,2,10800,2476
1,828,3,343084,2477
1,829,1,16929,2478
1,829,2,604,2479
1,829,3,2304,2480
1,830,1,10110,2481
1,830,2,173,2482
1,830,3,251,2483
1,831,1,8020,2484
1,831,2,452,2485
1,831,3,3103,2486
1,832,1,13436,2487
1,832,2,130,2488
1,832,3,577,2489
1,833,1,11951,2490
1,833,2,80,2491
1,833,3,4060,2492
1,834,3,1,2493
1,835,1,4088,2494
1,835,2,29,2495
1,835,3,1514,2496
1,836,1,16310,2497
1,836,2,709,2498
1,836,3,35869,2499
1,837,1,4925,2500
1,837,2,41,2501
1,837,3,1376,2502
1,838,1,56485,2503
1,838,2,2302,2504
1,838,3,79896,2505
1,839,1,3555,2506
1,839,2,78,2507
1,839,3,283,2508
1,840,1,2944,2509
1,840,2,118,2510
1,840,3,1741,2511
1,841,1,15139,2512
1,841,2,301,2513
1,841,3,1127,2514
1,842,1,16899,2515
1,842,2,645,2516
1,842,3,6742,2517
1,843,1,3812,2518
1,843,2,40,2519
1,843,3,957,2520
1,844,1,8063,2521
1,844,2,140,2522
1,844,3,382,2523
1,845,1,8284,2524
1,845,2,150,2525
1,845,3,374,2526
1,846,1,14105,2527
1,846,2,453,2528
1,846,3,1096,2529
1,847,1,13586,2530
1,847,2,222,2531
1,847,3,1172,2532
1,848,1,1125,2533
1,848,2,1,2534
1,848,3,85,2535
1,849,1,11789,2536
1,849,2,274,2537
1,849,3,978,2538
1,850,1,1559,2539
1,850,2,31,2540
1,850,3,161,2541
1,851,1,28408,2542
1,851,2,533,2543
1,851,3,27945,2544
1,852,1,23598,2545
1,852,2,94,2546
1,852,3,938,2547
1,853,1,1485,2548
1,853,2,12,2549
1,853,3,98,2550
1,854,1,1280,2551
1,854,2,21,2552
1,854,3,183,2553
1,855,1,1456,2554
1,855,2,31,2555
1,855,3,2232,2556
1,856,1,4360,2557
1,856,2,49,2558
1,856,3,3706,2559
1,857,1,6537,2560
1,857,2,97,2561
1,857,3,433,2562
1,858,1,10947,2563
1,858,2,281,2564
1,858,3,3195,2565
1,859,1,2768,2566
1,859,2,65,2567
1,859,3,339,2568
1,860,1,2916,2569
1,860,2,76,2570
1,860,3,477,2571
1,861,1,10242,2572
1,861,2,121,2573
1,861,3,355,2574
1,862,1,9544,2575
1,862,2,82,2576
1,862,3,588,2577
1,863,1,9436,2578
1,863,2,243,2579
1,863,3,220,2580
1,864,1,47216,2581
1,864,2,1170,2582
1,864,3,7777,2583
1,865,1,9826,2584
1,865,2,406,2585
1,865,3,5489,2586
1,866,1,5438,2587
1,866,2,266,2588
1,866,3,1637,2589
1,867,1,14908,2590
1,867,2,417,2591
1,867,3,37409,2592
1,868,1,10804,2593
1,868,2,331,2594
1,868,3,2825,2595
1,869,1,2453,2596
1,869,2,99,2597
1,869,3,1533,2598
1,870,1,21790,2599
1,870,2,346,2600
1,870,3,1483,2601
1,871,1,5682,2602
1,871,2,105,2603
1,871,3,1216,2604
1,872,1,32585,2605
1,872,2,337,2606
1,872,3,41355,2607
1,873,1,36680,2608
1,873,2,17,2609
1,873,3,1145,2610
1,874,1,1688,2611
1,874,2,33,2612
1,874,3,304,2613
1,875,1,9097,2614
1,875,2,68,2615
1,875,3,5224,2616
1,876,1,22787,2617
1,876,2,378,2618
1,876,3,15152,2619
1,877,1,1148,2620
1,877,2,67,2621
1,877,3,101,2622
1,878,1,18891,2623
1,878,2,428,2624
1,878,3,1121,2625
1,879,1,1060,2626
1,879,2,7,2627
1,879,3,481,2628
1,880,1,2580,2629
1,880,2,81,2630
1,880,3,1081,2631
1,881,1,16238,2632
1,881,2,474,2633
1,881,3,1576,2634
1,882,1,5243,2635
1,882,2,166,2636
1,882,3,1837,2637
1,883,1,1786,2638
1,883,2,51,2639
1,883,3,307,2640
1,884,1,2818,2641
1,884,2,15,2642
1,884,3,329,2643
1,885,1,18486,2644
1,885,2,441,2645
1,885,3,7773,2646
1,886,1,10669,2647
1,886,2,236,2648
1,886,3,5347,2649
1,887,1,40515,2650
1,887,2,1000,2651
1,887,3,10184,2652
1,888,1,864,2653
1,888,2,17,2654
1,888,3,100,2655
1,889,1,7595,2656
1,889,2,553,2657
1,889,3,6886,2658
1,890,1,27138,2659
1,890,2,1756,2660
1,890,3,41243,2661
1,891,1,26208,2662
1,891,2,784,2663
1,891,3,1890,2664
1,892,1,133969,2665
1,892,2,3466,2666
1,892,3,371423,2667
1,893,1,13565,2668
1,893,2,206,2669
1,893,3,2805,2670
1,894,1,68127,2671
1,894,2,1673,2672
1,894,3,73763,2673
1,895,1,3180,2674
1,895,2,106,2675
1,895,3,334,2676
1,896,1,3107,2677
1,896,2,118,2678
1,896,3,393,2679
1,897,1,22423,2680
1,897,2,299,2681
1,897,3,1524,2682
1,898,1,20036,2683
1,898,2,1025,2684
1,898,3,1670,2685
1,899,1,6837,2686
1,899,2,230,2687
1,899,3,3772,2688
1,900,1,6201,2689
1,900,2,145,2690
1,900,3,991,2691
1,901,1,14964,2692
1,901,2,280,2693
1,901,3,19486,2694
1,902,1,10143,2695
1,902,2,248,2696
1,902,3,291,2697
1,903,1,2136,2698
1,903,2,42,2699
1,903,3,5248,2700
1,904,1,5806,2701
1,904,2,48,2702
1,904,3,1199,2703
1,905,1,5756,2704
1,905,2,239,2705
1,905,3,420,2706
1,906,1,9352,2707
1,906,2,209,2708
1,906,3,6708,2709
1,907,1,1862,2710
1,907,2,18,2711
1,907,3,131,2712
1,908,1,3722,2713
1,908,2,86,2714
1,908,3,553,2715
1,909,1,3843,2716
1,909,2,28,2717
1,909,3,647,2718
1,910,1,109349,2719
1,910,2,4664,2720
1,910,3,339016,2721
1,911,1,40251,2722
1,911,2,1703,2723
1,911,3,19621,2724
1,912,1,20485,2725
1,912,2,550,2726
1,912,3,921,2727
1,913,1,6451,2728
1,913,2,194,2729
1,913,3,568,2730
1,913,4,1602,2731
1,914,1,10484,2732
1,914,2,276,2733
1,914,3,2342,2734
1,915,1,3166,2735
1,915,2,49,2736
1,915,3,690,2737
1,916,1,3547,2738
1,916,2,109,2739
1,916,3,998,2740
1,917,1,16322,2741
1,917,2,393,2742
1,917,3,5314,2743
1,918,1,992,2744
1,918,2,10,2745
1,918,3,661,2746
1,919,1,5531,2747
1,919,2,70,2748
1,919,3,1718,2749
1,920,1,12832,2750
1,920,2,210,2751
1,920,3,2266,2752
1,921,1,51724,2753
1,921,2,3640,2754
1,921,3,93252,2755
1,922,1,5658,2756
1,922,2,310,2757
1,922,3,1470,2758
1,923,1,7183,2759
1,923,2,266,2760
1,923,3,1056,2761
1,924,1,16235,2762
1,924,2,320,2763
1,924,3,21705,2764
1,925,1,3684,2765
1,925,2,38,2766
1,925,3,250,2767
1,926,1,21149,2768
1,926,2,588,2769
1,926,3,636,2770
1,927,1,3257,2771
1,927,2,76,2772
1,927,3,290,2773
1,928,1,22692,2774
1,928,2,203,2775
1,928,3,1533,2776
1,929,1,2382,2777
1,929,2,91,2778
1,929,3,830,2779
1,930,1,8777,2780
1,930,2,657,2781
1,930,3,6548,2782
1,931,1,1336,2783
1,931,2,30,2784
1,931,3,145,2785
1,932,1,22303,2786
1,932,2,697,2787
1,932,3,12580,2788
1,933,1,11012,2789
1,933,2,229,2790
1,933,3,746,2791
1,934,1,14031,2792
1,934,2,172,2793
1,934,3,1305,2794
1,935,1,1820,2795
1,935,2,55,2796
1,935,3,213,2797
1,936,1,4436,2798
1,936,2,81,2799
1,936,3,1967,2800
1,937,1,21636,2801
1,937,2,761,2802
1,937,3,7234,2803
1,938,1,7532,2804
1,938,2,222,2805
1,938,3,320,2806
1,939,1,52382,2807
1,939,2,1342,2808
1,939,3,11238,2809
1,940,1,5574,2810
1,940,2,114,2811
1,940,3,2198,2812
1,941,1,8270,2813
1,941,2,187,2814
1,941,3,743,2815
1,942,1,4816,2816
1,942,2,107,2817
1,942,3,1077,2818
1,943,1,8086,2819
1,943,2,204,2820
1,943,3,5182,2821
1,944,1,5560,2822
1,944,2,402,2823
1,944,3,1665,2824
1,945,2,215,2825
1,946,1,34774,2826
1,946,2,573,2827
1,946,3,1802,2828
1,947,1,11258,2829
1,947,2,264,2830
1,947,3,677,2831
1,948,1,5102,2832
1,948,2,120,2833
1,948,3,705,2834
1,949,1,6451,2835
1,949,2,55,2836
1,949,3,185,2837
1,950,1,3810,2838
1,950,2,16,2839
1,950,3,243,2840
1,951,1,4656,2841
1,951,2,72,2842
1,951,3,160,2843
1,952,1,6086,2844
1,952,2,197,2845
1,952,3,41069,2846
1,953,1,5392,2847
1,953,2,282,2848
1,953,3,2183,2849
1,954,1,5704,2850
1,954,2,165,2851
1,954,3,2415,2852
1,955,1,53694,2853
1,955,2,1634,2854
1,955,3,14201,2855
1,956,1,6469,2856
1,956,2,72,2857
1,956,3,507,2858
1,957,1,6109,2859
1,957,2,282,2860
1,957,3,1149,2861
1,958,1,22184,2862
1,958,2,3208,2863
1,958,3,189291,2864
1,959,1,8278,2865
1,959,2,47,2866
1,959,3,5576,2867
1,960,1,2720,2868
1,960,2,69,2869
1,960,3,674,2870
1,961,1,4480,2871
1,961,2,152,2872
1,961,3,1870,2873
1,962,1,5846,2874
1,962,2,85,2875
1,962,3,2961,2876
1,963,1,8748,2877
1,963,2,14,2878
1,963,3,392,2879
1,964,1,9828,2880
1,964,2,519,2881
1,964,3,71994,2882
1,965,1,46249,2883
1,965,2,2745,2884
1,965,3,14925,2885
1,966,1,1713,2886
1,966,2,34,2887
1,966,3,498,2888
1,967,1,105476,2889
1,967,2,3760,2890
1,967,3,44385,2891
1,968,1,11736,2892
1,968,2,186,2893
1,968,3,758,2894
1,969,1,3619,2895
1,969,2,118,2896
1,969,3,231,2897
1,970,1,9395,2898
1,970,2,301,2899
1,970,3,3775,2900
1,971,1,6540,2901
1,971,2,98,2902
1,971,3,530,2903
1,972,1,4655,2904
1,972,2,73,2905
1,972,3,667,2906
1,973,1,3,2907
1,973,3,13,2908
1,974,1,19829,2909
1,974,2,551,2910
1,974,3,4293,2911
1,975,1,44904,2912
1,975,2,2399,2913
1,975,3,96636,2914
1,976,1,5603,2915
1,976,2,144,2916
1,976,3,4244,2917
1,977,1,14544,2918
1,977,2,51,2919
1,977,3,525,2920
1,978,1,2928,2921
1,978,2,129,2922
1,978,3,18960,2923
1,979,1,2740,2924
1,979,2,69,2925
1,979,3,1999,2926
1,980,1,8720,2927
1,980,2,124,2928
1,980,3,266,2929
1,981,1,12657,2930
1,981,2,444,2931
1,981,3,32692,2932
1,982,1,5383,2933
1,982,2,45,2934
1,982,3,510,2935
1,983,1,5582,2936
1,983,2,150,2937
1,983,3,490,2938
1,984,1,23257,2939
1,984,2,386,2940
1,984,3,2022,2941
1,985,1,34831,2942
1,985,2,937,2943
1,985,3,1257,2944
1,986,1,36369,2945
1,986,2,1169,2946
1,986,3,11108,2947
1,987,1,5759,2948
1,987,2,194,2949
1,987,3,979,2950
1,988,1,11017,2951
1,988,2,631,2952
1,988,3,5795,2953
1,989,1,1279,2954
1,989,2,30,2955
1,989,3,384,2956
1,990,1,3270,2957
1,990,2,67,2958
1,990,3,344,2959
1,991,1,23821,2960
1,991,2,934,2961
1,991,3,1490,2962
1,992,1,15590,2963
1,992,2,876,2964
1,992,3,42530,2965
1,993,1,14774,2966
1,993,2,266,2967
1,993,3,1704,2968
1,994,1,7426,2969
1,994,2,191,2970
1,994,3,288,2971
1,995,1,81659,2972
1,995,2,2500,2973
1,995,3,30886,2974
1,996,1,2006,2975
1,996,2,41,2976
1,996,3,619,2977
1,997,1,1166,2978
1,997,2,15,2979
1,997,3,171,2980
1,998,1,7555,2981
1,998,2,145,2982
1,998,3,283,2983
1,999,1,2961,2984
1,999,2,72,2985
1,999,3,585,2986
1,1000,1,971,2987
1,1000,2,8,2988
1,1000,3,328,2989
1,1001,1,11369,2990
1,1001,2,386,2991
1,1001,3,1000,2992
1,1002,1,11617,2993
1,1002,2,313,2994
1,1002,3,728,2995
1,1003,1,51919,2996
1,1003,2,909,2997
1,1003,3,29518,2998
1,1004,1,6560,2999
1,1004,2,68,3000
1,1004,3,1962,3001
1,1005,1,4700,3002
1,1005,2,111,3003
1,1005,3,1633,3004
1,1006,1,3416,3005
1,1006,2,36,3006
1,1006,3,180,3007
1,1007,1,46196,3008
1,1007,2,733,3009
1,1007,3,5229,3010
1,1008,1,19410,3011
1,1008,2,395,3012
1,1008,3,4643,3013
1,1009,1,29941,3014
1,1009,2,1873,3015
1,1009,3,161041,3016
1,1010,1,2118,3017
1,1010,2,87,3018
1,1010,3,326,3019
1,1011,1,3560,3020
1,1011,2,38,3021
1,1011,3,646,3022
1,1012,1,9605,3023
1,1012,2,516,3024
1,1012,3,579,3025
1,1013,1,15705,3026
1,1013,2,218,3027
1,1013,3,77377,3028
1,1014,1,5961,3029
1,1014,2,170,3030
1,1014,3,1978,3031
1,1015,1,2698,3032
1,1015,2,27,3033
1,1015,3,365,3034
1,1016,1,3685,3035
1,1016,2,20,3036
1,1016,3,687,3037
1,1017,1,1179,3038
1,1017,2,39,3039
1,1017,3,177,3040
1,1018,1,13539,3041
1,1018,2,565,3042
1,1018,3,6987,3043
1,1019,1,4831,3044
1,1019,2,49,3045
1,1019,3,418,3046
1,1020,1,28321,3047
1,1020,2,234,3048
1,1020,3,1279,3049
1,1021,1,3833,3050
1,1021,2,92,3051
1,1021,3,71,3052
1,1022,1,2495,3053
1,1022,2,19,3054
1,1022,3,412,3055
1,1023,1,20319,3056
1,1023,2,429,3057
1,1023,3,1280,3058
1,1024,1,1757,3059
1,1024,2,16,3060
1,1024,3,155,3061
1,1025,1,33281,3062
1,1025,2,1142,3063
1,1025,3,3275,3064
1,1026,1,19132,3065
1,1026,2,418,3066
1,1026,3,1496,3067
1,1027,1,34019,3068
1,1027,2,753,3069
1,1027,3,4714,3070
1,1028,1,3313,3071
1,1028,2,96,3072
1,1028,3,2088,3073
1,1029,1,5492,3074
1,1029,2,30,3075
1,1029,3,357,3076
1,1030,1,33230,3077
1,1030,2,964,3078
1,1030,3,4196,3079
1,1031,1,4806,3080
1,1031,2,42,3081
1,1031,3,282,3082
1,1032,1,7837,3083
1,1032,2,220,3084
1,1032,3,939,3085
1,1033,1,11654,3086
1,1033,2,260,3087
1,1033,3,741,3088
1,1034,1,198301,3089
1,1034,2,4034,3090
1,1034,3,22395,3091
1,1035,1,5938,3092
1,1035,2,131,3093
1,1035,3,959,3094
1,1036,1,12887,3095
1,1036,2,119,3096
1,1036,3,936,3097
1,1037,1,7319,3098
1,1037,2,142,3099
1,1037,3,452,3100
1,1038,1,36857,3101
1,1038,2,1062,3102
1,1038,3,4510,3103
1,1039,1,18306,3104
1,1039,2,183,3105
1,1039,3,4206,3106
1,1040,1,16952,3107
1,1040,2,332,3108
1,1040,3,1065,3109
1,1041,1,1236,3110
1,1041,2,7,3111
1,1041,3,166,3112
1,1042,1,7312,3113
1,1042,2,196,3114
1,1042,3,554,3115
1,1043,1,3413,3116
1,1043,2,23,3117
1,1043,3,325,3118
1,1044,1,4718,3119
1,1044,2,183,3120
1,1044,3,270,3121
1,1045,1,2173,3122
1,1045,2,24,3123
1,1045,3,679,3124
1,1046,1,22651,3125
1,1046,2,405,3126
1,1046,3,7695,3127
1,1047,1,2709,3128
1,1047,2,107,3129
1,1047,3,197,3130
1,1048,1,10,3131
1,1048,2,10,3132
1,1048,3,69,3133
1,1049,1,10835,3134
1,1049,2,117,3135
1,1049,3,8906,3136
1,1050,1,36567,3137
1,1050,2,1779,3138
1,1050,3,16842,3139
1,1051,1,6134,3140
1,1051,2,54,3141
1,1051,3,17022,3142
1,1052,1,54737,3143
1,1052,2,1370,3144
1,1052,3,12241,3145
1,1053,1,24995,3146
1,1053,2,439,3147
1,1053,3,1489,3148
1,1054,1,11359,3149
1,1054,2,366,3150
1,1054,3,14427,3151
1,1055,1,1777,3152
1,1055,2,35,3153
1,1055,3,269,3154
1,1056,1,3789,3155
1,1056,2,91,3156
1,1056,3,516,3157
1,1057,1,5223,3158
1,1057,2,83,3159
1,1057,3,1364,3160
1,1058,1,10833,3161
1,1058,2,206,3162
1,1058,3,4670,3163
1,1059,1,2644,3164
1,1059,2,32,3165
1,1059,3,263,3166
1,1060,1,5953,3167
1,1060,2,101,3168
1,1060,3,1432,3169
1,1061,1,6727,3170
1,1061,2,180,3171
1,1061,3,1614,3172
1,1062,1,10727,3173
1,1062,2,635,3174
1,1062,3,9276,3175
1,1063,1,104661,3176
1,1063,2,6313,3177
1,1063,3,37737,3178
1,1064,1,22543,3179
1,1064,2,320,3180
1,1064,3,4427,3181
1,1065,1,9917,3182
1,1065,2,362,3183
1,1065,3,3232,3184
1,1066,1,675,3185
1,1066,2,25,3186
1,1066,3,570,3187
1,1067,1,35738,3188
1,1067,2,1096,3189
1,1067,3,35294,3190
1,1068,1,21265,3191
1,1068,2,950,3192
1,1068,3,30262,3193
1,1069,1,16014,3194
1,1069,2,150,3195
1,1069,3,1066,3196
1,1070,1,10773,3197
1,1070,2,145,3198
1,1070,3,9654,3199
1,1071,1,74908,3200
1,1071,2,1884,3201
1,1071,3,23803,3202
1,1072,1,8037,3203
1,1072,2,139,3204
1,1072,3,841,3205
1,1073,1,20280,3206
1,1073,2,286,3207
1,1073,3,2869,3208
1,1074,1,9977,3209
1,1074,2,168,3210
1,1074,3,478,3211
1,1075,1,7672,3212
1,1075,2,38,3213
1,1075,3,529,3214
1,1076,1,4802,3215
1,1076,2,69,3216
1,1076,3,2020,3217
1,1077,1,5828,3218
1,1077,2,103,3219
1,1077,3,877,3220
1,1078,1,7445,3221
1,1078,2,203,3222
1,1078,3,583,3223
1,1079,1,18283,3224
1,1079,2,284,3225
1,1079,3,11395,3226
1,1080,1,176756,3227
1,1080,2,12380,3228
1,1080,3,226702,3229
1,1081,1,11405,3230
1,1081,2,131,3231
1,1081,3,742,3232
1,1082,1,5918,3233
1,1082,2,116,3234
1,1082,3,1469,3235
1,1083,1,9057,3236
1,1083,2,181,3237
1,1083,3,724,3238
1,1084,1,2950,3239
1,1084,2,80,3240
1,1084,3,300,3241
1,1085,1,8507,3242
1,1085,2,149,3243
1,1085,3,711,3244
1,1086,1,20131,3245
1,1086,2,397,3246
1,1086,3,3688,3247
1,1087,1,4145,3248
1,1087,2,92,3249
1,1087,3,14075,3250
1,1088,1,3371,3251
1,1088,2,43,3252
1,1088,3,341,3253
1,1089,1,16781,3254
1,1089,2,412,3255
1,1089,3,1558,3256
1,1090,1,12157,3257
1,1090,2,381,3258
1,1090,3,57450,3259
1,1091,1,9755,3260
1,1091,2,176,3261
1,1091,3,2578,3262
1,1092,1,31020,3263
1,1092,2,105,3264
1,1092,3,10971,3265
1,1093,1,234387,3266
1,1093,2,11037,3267
1,1093,3,312363,3268
1,1094,1,11415,3269
1,1094,2,298,3270
1,1094,3,5627,3271
1,1095,1,9462,3272
1,1095,2,458,3273
1,1095,3,14002,3274
1,1096,1,23038,3275
1,1096,2,810,3276
1,1096,3,1934,3277
1,1097,2,26,3278
1,1098,1,3246,3279
1,1098,2,66,3280
1,1098,3,675,3281
1,1099,1,16573,3282
1,1099,2,217,3283
1,1099,3,1687,3284
1,1100,1,3742,3285
1,1100,2,96,3286
1,1100,3,1132,3287
1,1101,1,10582,3288
1,1101,2,147,3289
1,1101,3,741,3290
1,1102,1,26016,3291
1,1102,2,337,3292
1,1102,3,9655,3293
1,1103,1,3064,3294
1,1103,2,66,3295
1,1103,3,318,3296
1,1104,1,38582,3297
1,1104,2,1202,3298
1,1104,3,31841,3299
1,1105,1,10619,3300
1,1105,2,347,3301
1,1105,3,43449,3302
1,1106,1,12661,3303
1,1106,2,123,3304
1,1106,3,571,3305
1,1107,1,2300,3306
1,1107,2,38,3307
1,1107,3,887,3308
1,1108,1,7083,3309
1,1108,2,295,3310
1,1108,3,1100,3311
1,1109,1,5977,3312
1,1109,2,268,3313
1,1109,3,654,3314
1,1110,1,11772,3315
1,1110,2,328,3316
1,1110,3,961,3317
1,1111,1,8385,3318
1,1111,2,155,3319
1,1111,3,405,3320
1,1112,1,3004,3321
1,1112,2,48,3322
1,1112,3,303,3323
1,1113,1,15116,3324
1,1113,2,1556,3325
1,1113,3,37938,3326
1,1114,1,155576,3327
1,1114,2,4793,3328
1,1114,3,27226,3329
1,1115,1,68765,3330
1,1115,2,2478,3331
1,1115,3,33492,3332
1,1116,1,3740,3333
1,1116,2,107,3334
1,1116,3,995,3335
1,1117,1,3941,3336
1,1117,2,22,3337
1,1117,3,457,3338
1,1118,1,3378,3339
1,1118,2,107,3340
1,1118,3,2706,3341
1,1119,1,3207,3342
1,1119,2,113,3343
1,1119,3,301,3344
1,1120,1,6955,3345
1,1120,2,46,3346
1,1120,3,242,3347
1,1121,1,6460,3348
1,1121,2,239,3349
1,1121,3,5284,3350
1,1122,1,1900,3351
1,1122,2,18,3352
1,1122,3,256,3353
1,1123,1,18759,3354
1,1123,2,608,3355
1,1123,3,1402,3356
1,1124,1,16800,3357
1,1124,2,447,3358
1,1124,3,18515,3359
1,1125,1,15717,3360
1,1125,2,621,3361
1,1125,3,8366,3362
1,1126,1,29210,3363
1,1126,2,478,3364
1,1126,3,1529,3365
1,1127,1,3925,3366
1,1128,2,1232150,3367
1,1128,4,83551,3368
1,1129,2,60,3369
